<?xml version="1.0" encoding="UTF-8"?>
<!DOCTYPE generatorConfiguration PUBLIC "-//mybatis.org//DTD MyBatis Generator Configuration 1.0//EN" "http://mybatis.org/dtd/mybatis-generator-config_1_0.dtd">
<generatorConfiguration>
	<!-- oracle lib location -->
	<classPathEntry location="C:\ojdbc8.jar" />
	<context id="DB2Tables" targetRuntime="MyBatis3">
		<commentGenerator>
			<property name="suppressAllComments" value="true" />
		</commentGenerator>
		<!-- oracle URL、username、password -->
		<jdbcConnection driverClass="oracle.jdbc.driver.OracleDriver" connectionURL="jdbc:oracle:thin:@192.168.0.5:1521:sodbut" userId="v2_user" password="v2_user">
		</jdbcConnection>
		<javaTypeResolver>
			<property name="forceBigDecimals" value="true" />
		</javaTypeResolver>
		<!-- model package and location -->
		<javaModelGenerator targetPackage="jp.co.nttcom.entity" targetProject="C:\mybatis">
			<property name="enableSubPackages" value="true" />
			<property name="trimStrings" value="true" />
		</javaModelGenerator>
		<!-- mapping package and location -->
		<sqlMapGenerator targetPackage="jp.co.nttcom.mapping" targetProject="C:\mybatis">
			<property name="enableSubPackages" value="true" />
		</sqlMapGenerator>
		<!-- dao package and location -->
		<javaClientGenerator type="XMLMAPPER" targetPackage="jp.co.nttcom.dao" targetProject="C:\mybatis">
			<property name="enableSubPackages" value="true" />
		</javaClientGenerator>
		<!-- table name,  change tableName and domainObjectName  -->
			<table tableName="BLD_COLLECT_DEV_INFO" modelType="flat" enableCountByExample="true" enableUpdateByExample="true" enableDeleteByExample="true" enableSelectByExample="true" selectByExampleQueryId="true" />
		<table tableName="ORDER_BASIC_INFO" modelType="flat" enableCountByExample="true" enableUpdateByExample="true" enableDeleteByExample="true" enableSelectByExample="true" selectByExampleQueryId="true" />
		<table tableName="ORDER_DETAIL_INFO_1" modelType="flat" enableCountByExample="true" enableUpdateByExample="true" enableDeleteByExample="true" enableSelectByExample="true" selectByExampleQueryId="true" />
		<table tableName="ORDER_DETAIL_INFO_2" modelType="flat" enableCountByExample="true" enableUpdateByExample="true" enableDeleteByExample="true" enableSelectByExample="true" selectByExampleQueryId="true" />
		<table tableName="ORDER_DETAIL_INFO_3" modelType="flat" enableCountByExample="true" enableUpdateByExample="true" enableDeleteByExample="true" enableSelectByExample="true" selectByExampleQueryId="true" />
		<table tableName="ORDER_DETAIL_INFO_4" modelType="flat" enableCountByExample="true" enableUpdateByExample="true" enableDeleteByExample="true" enableSelectByExample="true" selectByExampleQueryId="true" />
		<table tableName="ORDER_DETAIL_INFO_5" modelType="flat" enableCountByExample="true" enableUpdateByExample="true" enableDeleteByExample="true" enableSelectByExample="true" selectByExampleQueryId="true" />
		<table tableName="ORDER_STS_HISTORY" modelType="flat" enableCountByExample="true" enableUpdateByExample="true" enableDeleteByExample="true" enableSelectByExample="true" selectByExampleQueryId="true" />
		<table tableName="ORDER_COMMON_INFO" modelType="flat" enableCountByExample="true" enableUpdateByExample="true" enableDeleteByExample="true" enableSelectByExample="true" selectByExampleQueryId="true" />
		<table tableName="AT_MASTER_INFO_COOPERATE" modelType="flat" enableCountByExample="true" enableUpdateByExample="true" enableDeleteByExample="true" enableSelectByExample="true" selectByExampleQueryId="true" />
		
		<table tableName="AT_MASTER_CODE" modelType="flat" enableCountByExample="true" enableUpdateByExample="true" enableDeleteByExample="true" enableSelectByExample="true" selectByExampleQueryId="true" />
		<table tableName="BUSINESSDAY_CALENDAR" modelType="flat" enableCountByExample="true" enableUpdateByExample="true" enableDeleteByExample="true" enableSelectByExample="true" selectByExampleQueryId="true" />
		<table tableName="GM_HANYO" modelType="flat" enableCountByExample="true" enableUpdateByExample="true" enableDeleteByExample="true" enableSelectByExample="true" selectByExampleQueryId="true" />
		<table tableName="GM_HAISHIN" modelType="flat" enableCountByExample="true" enableUpdateByExample="true" enableDeleteByExample="true" enableSelectByExample="true" selectByExampleQueryId="true" />
		<table tableName="GM_TAB" modelType="flat" enableCountByExample="true" enableUpdateByExample="true" enableDeleteByExample="true" enableSelectByExample="true" selectByExampleQueryId="true" />
		<table tableName="GM_DISP" modelType="flat" enableCountByExample="true" enableUpdateByExample="true" enableDeleteByExample="true" enableSelectByExample="true" selectByExampleQueryId="true" />
		<table tableName="GM_DISP_PTN" modelType="flat" enableCountByExample="true" enableUpdateByExample="true" enableDeleteByExample="true" enableSelectByExample="true" selectByExampleQueryId="true" />
		<table tableName="GM_ITEM" modelType="flat" enableCountByExample="true" enableUpdateByExample="true" enableDeleteByExample="true" enableSelectByExample="true" selectByExampleQueryId="true" />
		<table tableName="GM_LABEL" modelType="flat" enableCountByExample="true" enableUpdateByExample="true" enableDeleteByExample="true" enableSelectByExample="true" selectByExampleQueryId="true" />
		<table tableName="IFM_FRONT_TRANS_IN_MAP" modelType="flat" enableCountByExample="true" enableUpdateByExample="true" enableDeleteByExample="true" enableSelectByExample="true" selectByExampleQueryId="true" />

		<table tableName="IFM_FRONT_TRANS_OUT_MAP" modelType="flat" enableCountByExample="true" enableUpdateByExample="true" enableDeleteByExample="true" enableSelectByExample="true" selectByExampleQueryId="true" />
		<table tableName="IFM_REAL_TRANS_IN_MAP" modelType="flat" enableCountByExample="true" enableUpdateByExample="true" enableDeleteByExample="true" enableSelectByExample="true" selectByExampleQueryId="true" />
		<table tableName="IFM_REAL_TRANS_OUT_MAP_FR" modelType="flat" enableCountByExample="true" enableUpdateByExample="true" enableDeleteByExample="true" enableSelectByExample="true" selectByExampleQueryId="true" />
		<table tableName="IFM_REAL_TRANS_OUT_MAP_FU" modelType="flat" enableCountByExample="true" enableUpdateByExample="true" enableDeleteByExample="true" enableSelectByExample="true" selectByExampleQueryId="true" />
		<table tableName="IFM_HANYO" modelType="flat" enableCountByExample="true" enableUpdateByExample="true" enableDeleteByExample="true" enableSelectByExample="true" selectByExampleQueryId="true" />
		<table tableName="AT_MASTER_LAST_FORM" modelType="flat" enableCountByExample="true" enableUpdateByExample="true" enableDeleteByExample="true" enableSelectByExample="true" selectByExampleQueryId="true" />
		<table tableName="AT_MASTER_EVENTMNG_GRP" modelType="flat" enableCountByExample="true" enableUpdateByExample="true" enableDeleteByExample="true" enableSelectByExample="true" selectByExampleQueryId="true" />
		<table tableName="AT_MASTER_STATUS_CHECK_GRP" modelType="flat" enableCountByExample="true" enableUpdateByExample="true" enableDeleteByExample="true" enableSelectByExample="true" selectByExampleQueryId="true" />
		<table tableName="AT_MASTER_ALTER_STATUS_GRP" modelType="flat" enableCountByExample="true" enableUpdateByExample="true" enableDeleteByExample="true" enableSelectByExample="true" selectByExampleQueryId="true" />
		<table tableName="AT_MASTER_ALTER_STATUS" modelType="flat" enableCountByExample="true" enableUpdateByExample="true" enableDeleteByExample="true" enableSelectByExample="true" selectByExampleQueryId="true" />
		
		<table tableName="AT_MASTER_ORDER_ANALYZE" modelType="flat" enableCountByExample="true" enableUpdateByExample="true" enableDeleteByExample="true" enableSelectByExample="true" selectByExampleQueryId="true" />
		<table tableName="AT_MASTER_IFGRP" modelType="flat" enableCountByExample="true" enableUpdateByExample="true" enableDeleteByExample="true" enableSelectByExample="true" selectByExampleQueryId="true" />
		<table tableName="AT_MASTER_SERVICEINFO" modelType="flat" enableCountByExample="true" enableUpdateByExample="true" enableDeleteByExample="true" enableSelectByExample="true" selectByExampleQueryId="true" />
		<table tableName="AT_MASTER_MODIDV" modelType="flat" enableCountByExample="true" enableUpdateByExample="true" enableDeleteByExample="true" enableSelectByExample="true" selectByExampleQueryId="true" />
		<table tableName="IFM_STATUS_CHECK" modelType="flat" enableCountByExample="true" enableUpdateByExample="true" enableDeleteByExample="true" enableSelectByExample="true" selectByExampleQueryId="true" />
		<table tableName="AT_MASTER_COMMPROTOCOLMNG" modelType="flat" enableCountByExample="true" enableUpdateByExample="true" enableDeleteByExample="true" enableSelectByExample="true" selectByExampleQueryId="true" />
		<table tableName="IFM_SEARCH_MAPPING" modelType="flat" enableCountByExample="true" enableUpdateByExample="true" enableDeleteByExample="true" enableSelectByExample="true" selectByExampleQueryId="true" />
		<table tableName="IFM_FRONT_TRANS_DB_VU_OUT_MAP" modelType="flat" enableCountByExample="true" enableUpdateByExample="true" enableDeleteByExample="true" enableSelectByExample="true" selectByExampleQueryId="true" />
		<table tableName="IFM_FRONT_TRANS_VU_DB_OUT_MAP" modelType="flat" enableCountByExample="true" enableUpdateByExample="true" enableDeleteByExample="true" enableSelectByExample="true" selectByExampleQueryId="true" />

	
	</context>
</generatorConfiguration>